current_company,industry,sql_statement
TCS Machinery & Services,Consumer Goods,UPDATE executives SET category = 'Consumer Goods' WHERE current_company = 'TCS Machinery & Services';
Nearpays Visa Cohort 3,Manufacturing,UPDATE executives SET category = 'Manufacturing' WHERE current_company = 'Nearpays Visa Cohort 3';
Chimere,Consumer Goods,UPDATE executives SET category = 'Consumer Goods' WHERE current_company = 'Chimere';
SAP Brokers,Consulting / Services,UPDATE executives SET category = 'Consulting / Services' WHERE current_company = 'SAP Brokers';
AWS,Consumer Goods,UPDATE executives SET category = 'Consumer Goods' WHERE current_company = 'AWS';
Bloomberg TV Mongolia,Education,UPDATE executives SET category = 'Education' WHERE current_company = 'Bloomberg TV Mongolia';
ROCHE EBEINE Trading LLC,Nonprofit / Social Impact,UPDATE executives SET category = 'Nonprofit / Social Impact' WHERE current_company = 'ROCHE EBEINE Trading LLC';
GeraÃ§Ã£o Moderna,Telecommunications,UPDATE executives SET category = 'Telecommunications' WHERE current_company = 'GeraÃ§Ã£o Moderna';
Toyota Financial Services Singapore,Telecommunications,UPDATE executives SET category = 'Telecommunications' WHERE current_company = 'Toyota Financial Services Singapore';
WHITED FORD TRUCK CENTER,Healthcare,UPDATE executives SET category = 'Healthcare' WHERE current_company = 'WHITED FORD TRUCK CENTER';
3m5.,Manufacturing,UPDATE executives SET category = 'Manufacturing' WHERE current_company = '3m5.';
Teslar Software,Automotive,UPDATE executives SET category = 'Automotive' WHERE current_company = 'Teslar Software';
Blackstone Integrated Management Service,Consulting / Services,UPDATE executives SET category = 'Consulting / Services' WHERE current_company = 'Blackstone Integrated Management Service';
Unilever Wellbeing Collective,Energy / Utilities,UPDATE executives SET category = 'Energy / Utilities' WHERE current_company = 'Unilever Wellbeing Collective';
Lufthansa Group,Nonprofit / Social Impact,UPDATE executives SET category = 'Nonprofit / Social Impact' WHERE current_company = 'Lufthansa Group';
FedEx Services,Retail / E-Commerce,UPDATE executives SET category = 'Retail / E-Commerce' WHERE current_company = 'FedEx Services';
oktan,Legal Services,UPDATE executives SET category = 'Legal Services' WHERE current_company = 'oktan';
Galloway Johnson Tompkins Burr & Smith,Insurance,UPDATE executives SET category = 'Insurance' WHERE current_company = 'Galloway Johnson Tompkins Burr & Smith';
"BAE Systems, Inc.",Automotive,"UPDATE executives SET category = 'Automotive' WHERE current_company = 'BAE Systems, Inc.';"
GEMCO Sealcoat & Stripe LLC,Consulting / Services,UPDATE executives SET category = 'Consulting / Services' WHERE current_company = 'GEMCO Sealcoat & Stripe LLC';
Toyota Motor Europe,Retail / E-Commerce,UPDATE executives SET category = 'Retail / E-Commerce' WHERE current_company = 'Toyota Motor Europe';
Moderna Emprego,Media & Entertainment,UPDATE executives SET category = 'Media & Entertainment' WHERE current_company = 'Moderna Emprego';
AWS Energy,Pharmaceuticals,UPDATE executives SET category = 'Pharmaceuticals' WHERE current_company = 'AWS Energy';
Volkswagen Group IT Solutions GmbH,Automotive,UPDATE executives SET category = 'Automotive' WHERE current_company = 'Volkswagen Group IT Solutions GmbH';
IDC Honeywell LED Lighting,Telecommunications,UPDATE executives SET category = 'Telecommunications' WHERE current_company = 'IDC Honeywell LED Lighting';
Acer Pharmacy Ltd.,Food & Beverage,UPDATE executives SET category = 'Food & Beverage' WHERE current_company = 'Acer Pharmacy Ltd.';
Marshall University,Aerospace / Defense,UPDATE executives SET category = 'Aerospace / Defense' WHERE current_company = 'Marshall University';
"Plaid, LLC",Pharmaceuticals,"UPDATE executives SET category = 'Pharmaceuticals' WHERE current_company = 'Plaid, LLC';"
Kia Worldwide,Aerospace / Defense,UPDATE executives SET category = 'Aerospace / Defense' WHERE current_company = 'Kia Worldwide';
PERMA-PIPE,Consumer Goods,UPDATE executives SET category = 'Consumer Goods' WHERE current_company = 'PERMA-PIPE';
"Surgery Ventures, powered by HCA Healthcare",Automotive,"UPDATE executives SET category = 'Automotive' WHERE current_company = 'Surgery Ventures, powered by HCA Healthcare';"
Berkshire Hathaway HomeServices Spain,Automotive,UPDATE executives SET category = 'Automotive' WHERE current_company = 'Berkshire Hathaway HomeServices Spain';
Palantir Security,Financial Services,UPDATE executives SET category = 'Financial Services' WHERE current_company = 'Palantir Security';
ID_CORP,Consumer Goods,UPDATE executives SET category = 'Consumer Goods' WHERE current_company = 'ID_CORP';
BP Leadership,Consumer Goods,UPDATE executives SET category = 'Consumer Goods' WHERE current_company = 'BP Leadership';
Amazon Bioprotein,Insurance,UPDATE executives SET category = 'Insurance' WHERE current_company = 'Amazon Bioprotein';
TargetPilot AI,Pharmaceuticals,UPDATE executives SET category = 'Pharmaceuticals' WHERE current_company = 'TargetPilot AI';
Manuka | The Databricks People,Nonprofit / Social Impact,UPDATE executives SET category = 'Nonprofit / Social Impact' WHERE current_company = 'Manuka | The Databricks People';
Ford Office Technologies,Pharmaceuticals,UPDATE executives SET category = 'Pharmaceuticals' WHERE current_company = 'Ford Office Technologies';
Fidelity National Home Warranty,Media & Entertainment,UPDATE executives SET category = 'Media & Entertainment' WHERE current_company = 'Fidelity National Home Warranty';
Hyundai Hydrogen Mobility,Healthcare,UPDATE executives SET category = 'Healthcare' WHERE current_company = 'Hyundai Hydrogen Mobility';
THIRSTY CATERPILLAR,Energy / Utilities,UPDATE executives SET category = 'Energy / Utilities' WHERE current_company = 'THIRSTY CATERPILLAR';
PT ELASTIC INNOVATION SOLUTIONS,Energy / Utilities,UPDATE executives SET category = 'Energy / Utilities' WHERE current_company = 'PT ELASTIC INNOVATION SOLUTIONS';
Workday 8,Retail / E-Commerce,UPDATE executives SET category = 'Retail / E-Commerce' WHERE current_company = 'Workday 8';
Fidelity Creative,Insurance,UPDATE executives SET category = 'Insurance' WHERE current_company = 'Fidelity Creative';
Amway,Aerospace / Defense,UPDATE executives SET category = 'Aerospace / Defense' WHERE current_company = 'Amway';
AMD-Rendering,Retail / E-Commerce,UPDATE executives SET category = 'Retail / E-Commerce' WHERE current_company = 'AMD-Rendering';
Piper Networks,Automotive,UPDATE executives SET category = 'Automotive' WHERE current_company = 'Piper Networks';
Zoomly,Energy / Utilities,UPDATE executives SET category = 'Energy / Utilities' WHERE current_company = 'Zoomly';
"APS Management | Monday.com, Sales CRM et Quickbooks Online",Software / SaaS,"UPDATE executives SET category = 'Software / SaaS' WHERE current_company = 'APS Management | Monday.com, Sales CRM et Quickbooks Online';"
Thomson Reuters MÃ©xico,Nonprofit / Social Impact,UPDATE executives SET category = 'Nonprofit / Social Impact' WHERE current_company = 'Thomson Reuters MÃ©xico';
IDC Engineering,Pharmaceuticals,UPDATE executives SET category = 'Pharmaceuticals' WHERE current_company = 'IDC Engineering';
ExxonMobil Lubricants Private Limited,Retail / E-Commerce,UPDATE executives SET category = 'Retail / E-Commerce' WHERE current_company = 'ExxonMobil Lubricants Private Limited';
Target Group,Retail / E-Commerce,UPDATE executives SET category = 'Retail / E-Commerce' WHERE current_company = 'Target Group';
Intuit QuickBooks Training by Real World Training,Software / SaaS,UPDATE executives SET category = 'Software / SaaS' WHERE current_company = 'Intuit QuickBooks Training by Real World Training';
Subway Franchisee Advertising Fund Trust,Insurance,UPDATE executives SET category = 'Insurance' WHERE current_company = 'Subway Franchisee Advertising Fund Trust';
SERVEX ENGINEERING Co | EcoXpert Partner Schneider Electric Egypt,Consumer Goods,UPDATE executives SET category = 'Consumer Goods' WHERE current_company = 'SERVEX ENGINEERING Co | EcoXpert Partner Schneider Electric Egypt';
American Express Saudi Arabia,Software / SaaS,UPDATE executives SET category = 'Software / SaaS' WHERE current_company = 'American Express Saudi Arabia';
SAP Consulting,Pharmaceuticals,UPDATE executives SET category = 'Pharmaceuticals' WHERE current_company = 'SAP Consulting';
Zapier,Energy / Utilities,UPDATE executives SET category = 'Energy / Utilities' WHERE current_company = 'Zapier';
3B for Salesforce,Consumer Goods,UPDATE executives SET category = 'Consumer Goods' WHERE current_company = '3B for Salesforce';
Neway Valve,Software / SaaS,UPDATE executives SET category = 'Software / SaaS' WHERE current_company = 'Neway Valve';
Berkshire Hathaway,Aerospace / Defense,UPDATE executives SET category = 'Aerospace / Defense' WHERE current_company = 'Berkshire Hathaway';
ZOOM Health Ltd,Food & Beverage,UPDATE executives SET category = 'Food & Beverage' WHERE current_company = 'ZOOM Health Ltd';
Stripe TV,Automotive,UPDATE executives SET category = 'Automotive' WHERE current_company = 'Stripe TV';
Volkswagen Irapuato,Automotive,UPDATE executives SET category = 'Automotive' WHERE current_company = 'Volkswagen Irapuato';
bp immosolution,Healthcare,UPDATE executives SET category = 'Healthcare' WHERE current_company = 'bp immosolution';
AWS Business Services,Media & Entertainment,UPDATE executives SET category = 'Media & Entertainment' WHERE current_company = 'AWS Business Services';
Hyundai Rotem USA,Nonprofit / Social Impact,UPDATE executives SET category = 'Nonprofit / Social Impact' WHERE current_company = 'Hyundai Rotem USA';
Toyota Tsusho Connected Middle East FZCO,Pharmaceuticals,UPDATE executives SET category = 'Pharmaceuticals' WHERE current_company = 'Toyota Tsusho Connected Middle East FZCO';
AMD Electronique,Retail / E-Commerce,UPDATE executives SET category = 'Retail / E-Commerce' WHERE current_company = 'AMD Electronique';
Aceros Turia,Software / SaaS,UPDATE executives SET category = 'Software / SaaS' WHERE current_company = 'Aceros Turia';
Unilever Prestige,Legal Services,UPDATE executives SET category = 'Legal Services' WHERE current_company = 'Unilever Prestige';
PwC | NEXT Technology Solutions,Financial Services,UPDATE executives SET category = 'Financial Services' WHERE current_company = 'PwC | NEXT Technology Solutions';
"Vocalink, a Mastercard company",Energy / Utilities,"UPDATE executives SET category = 'Energy / Utilities' WHERE current_company = 'Vocalink, a Mastercard company';"
eBay Global,Education,UPDATE executives SET category = 'Education' WHERE current_company = 'eBay Global';
Revolution Agency,Healthcare,UPDATE executives SET category = 'Healthcare' WHERE current_company = 'Revolution Agency';
Square Aim,Nonprofit / Social Impact,UPDATE executives SET category = 'Nonprofit / Social Impact' WHERE current_company = 'Square Aim';
BOX Group,Education,UPDATE executives SET category = 'Education' WHERE current_company = 'BOX Group';
Hyundai Motor Poland,Legal Services,UPDATE executives SET category = 'Legal Services' WHERE current_company = 'Hyundai Motor Poland';
Lead Ups,Telecommunications,UPDATE executives SET category = 'Telecommunications' WHERE current_company = 'Lead Ups';
Slackroid,Consumer Goods,UPDATE executives SET category = 'Consumer Goods' WHERE current_company = 'Slackroid';
Revolution Payments,Consulting / Services,UPDATE executives SET category = 'Consulting / Services' WHERE current_company = 'Revolution Payments';
Panchavati Hyundai,Consulting / Services,UPDATE executives SET category = 'Consulting / Services' WHERE current_company = 'Panchavati Hyundai';
RO Design,Food & Beverage,UPDATE executives SET category = 'Food & Beverage' WHERE current_company = 'RO Design';
Customerization - Zoho Consulting,Manufacturing,UPDATE executives SET category = 'Manufacturing' WHERE current_company = 'Customerization - Zoho Consulting';
Unity Landscape Design & Build,Consulting / Services,UPDATE executives SET category = 'Consulting / Services' WHERE current_company = 'Unity Landscape Design & Build';
Orange Nebula,Legal Services,UPDATE executives SET category = 'Legal Services' WHERE current_company = 'Orange Nebula';
ZOOM education for life,Media & Entertainment,UPDATE executives SET category = 'Media & Entertainment' WHERE current_company = 'ZOOM education for life';
Publix Ltd,Software / SaaS,UPDATE executives SET category = 'Software / SaaS' WHERE current_company = 'Publix Ltd';
GRAB A THOUGHT HOSPITALITY PRIVATE LIMITED,Media & Entertainment,UPDATE executives SET category = 'Media & Entertainment' WHERE current_company = 'GRAB A THOUGHT HOSPITALITY PRIVATE LIMITED';
Grab Vision Group,Energy / Utilities,UPDATE executives SET category = 'Energy / Utilities' WHERE current_company = 'Grab Vision Group';
Meijers AssurantiÃ«n,Telecommunications,UPDATE executives SET category = 'Telecommunications' WHERE current_company = 'Meijers AssurantiÃ«n';
General Electric Credit Union,Financial Services,UPDATE executives SET category = 'Financial Services' WHERE current_company = 'General Electric Credit Union';
Total Control Systems,Food & Beverage,UPDATE executives SET category = 'Food & Beverage' WHERE current_company = 'Total Control Systems';
UniCredit,Education,UPDATE executives SET category = 'Education' WHERE current_company = 'UniCredit';
Revolution Machine Tools,Legal Services,UPDATE executives SET category = 'Legal Services' WHERE current_company = 'Revolution Machine Tools';
Emirates International Hospital,Automotive,UPDATE executives SET category = 'Automotive' WHERE current_company = 'Emirates International Hospital';
Feuerschutz Roche,Energy / Utilities,UPDATE executives SET category = 'Energy / Utilities' WHERE current_company = 'Feuerschutz Roche';
Asusiran,Aerospace / Defense,UPDATE executives SET category = 'Aerospace / Defense' WHERE current_company = 'Asusiran';
Con Gusto Brno,Healthcare,UPDATE executives SET category = 'Healthcare' WHERE current_company = 'Con Gusto Brno';
AEC UPS,Telecommunications,UPDATE executives SET category = 'Telecommunications' WHERE current_company = 'AEC UPS';
JRP Line Corporation,Insurance,UPDATE executives SET category = 'Insurance' WHERE current_company = 'JRP Line Corporation';
Kia Kotahi Ako,Legal Services,UPDATE executives SET category = 'Legal Services' WHERE current_company = 'Kia Kotahi Ako';
Square Peg,Consulting / Services,UPDATE executives SET category = 'Consulting / Services' WHERE current_company = 'Square Peg';
Orange-Ulster BOCES,Retail / E-Commerce,UPDATE executives SET category = 'Retail / E-Commerce' WHERE current_company = 'Orange-Ulster BOCES';
3M Editora e ComunicaÃ§Ã£o,Financial Services,UPDATE executives SET category = 'Financial Services' WHERE current_company = '3M Editora e ComunicaÃ§Ã£o';
Samsung R&D Institute India - Bangalore,Consulting / Services,UPDATE executives SET category = 'Consulting / Services' WHERE current_company = 'Samsung R&D Institute India - Bangalore';
"Stripeman Graphix, Inc",Aerospace / Defense,"UPDATE executives SET category = 'Aerospace / Defense' WHERE current_company = 'Stripeman Graphix, Inc';"
"Wal-Mart (China) Investment Co., Ltd.",Consumer Goods,"UPDATE executives SET category = 'Consumer Goods' WHERE current_company = 'Wal-Mart (China) Investment Co., Ltd.';"
Mindy Aguirre - State Farm Insurance Agent,Healthcare,UPDATE executives SET category = 'Healthcare' WHERE current_company = 'Mindy Aguirre - State Farm Insurance Agent';
Re:amaze by GoDaddy,Energy / Utilities,UPDATE executives SET category = 'Energy / Utilities' WHERE current_company = 'Re:amaze by GoDaddy';
InboundAV - HubSpot Solutions Partner,Education,UPDATE executives SET category = 'Education' WHERE current_company = 'InboundAV - HubSpot Solutions Partner';
Attensa,Education,UPDATE executives SET category = 'Education' WHERE current_company = 'Attensa';
Lufthansa Technik Logistik Services,Legal Services,UPDATE executives SET category = 'Legal Services' WHERE current_company = 'Lufthansa Technik Logistik Services';
Nintendo of Europe,Food & Beverage,UPDATE executives SET category = 'Food & Beverage' WHERE current_company = 'Nintendo of Europe';
Hyundai Motor America,Pharmaceuticals,UPDATE executives SET category = 'Pharmaceuticals' WHERE current_company = 'Hyundai Motor America';
"TCS, LLC.",Energy / Utilities,"UPDATE executives SET category = 'Energy / Utilities' WHERE current_company = 'TCS, LLC.';"
Miro Forestry and Timber Products,Cloud Computing,UPDATE executives SET category = 'Cloud Computing' WHERE current_company = 'Miro Forestry and Timber Products';
REVOLUTIONIZE ENGINEERING,Aerospace / Defense,UPDATE executives SET category = 'Aerospace / Defense' WHERE current_company = 'REVOLUTIONIZE ENGINEERING';
Worldline Global Services,Manufacturing,UPDATE executives SET category = 'Manufacturing' WHERE current_company = 'Worldline Global Services';
Kiaasa,Nonprofit / Social Impact,UPDATE executives SET category = 'Nonprofit / Social Impact' WHERE current_company = 'Kiaasa';
The Medline Company S.A,Aerospace / Defense,UPDATE executives SET category = 'Aerospace / Defense' WHERE current_company = 'The Medline Company S.A';
Anthem United States of Beauty,Software / SaaS,UPDATE executives SET category = 'Software / SaaS' WHERE current_company = 'Anthem United States of Beauty';
Mirai Toyota,Consulting / Services,UPDATE executives SET category = 'Consulting / Services' WHERE current_company = 'Mirai Toyota';
Attadev Digital - web and mobile development,Healthcare,UPDATE executives SET category = 'Healthcare' WHERE current_company = 'Attadev Digital - web and mobile development';
PWC Message Center,Food & Beverage,UPDATE executives SET category = 'Food & Beverage' WHERE current_company = 'PWC Message Center';
BP Environmental Services,Pharmaceuticals,UPDATE executives SET category = 'Pharmaceuticals' WHERE current_company = 'BP Environmental Services';
Toyota SA,Pharmaceuticals,UPDATE executives SET category = 'Pharmaceuticals' WHERE current_company = 'Toyota SA';
HCA Healthcare | TriStar Division,Food & Beverage,UPDATE executives SET category = 'Food & Beverage' WHERE current_company = 'HCA Healthcare | TriStar Division';
TCS enginestands,Pharmaceuticals,UPDATE executives SET category = 'Pharmaceuticals' WHERE current_company = 'TCS enginestands';
Costco Casual,Food & Beverage,UPDATE executives SET category = 'Food & Beverage' WHERE current_company = 'Costco Casual';
Hearst Television,Automotive,UPDATE executives SET category = 'Automotive' WHERE current_company = 'Hearst Television';
AT&T Israel R&D Center,Consulting / Services,UPDATE executives SET category = 'Consulting / Services' WHERE current_company = 'AT&T Israel R&D Center';
KPMG Bulgaria,Telecommunications,UPDATE executives SET category = 'Telecommunications' WHERE current_company = 'KPMG Bulgaria';
Grab Gartenbau AG,Manufacturing,UPDATE executives SET category = 'Manufacturing' WHERE current_company = 'Grab Gartenbau AG';
Emirates Dates,Software / SaaS,UPDATE executives SET category = 'Software / SaaS' WHERE current_company = 'Emirates Dates';
Mars Translation Services,Pharmaceuticals,UPDATE executives SET category = 'Pharmaceuticals' WHERE current_company = 'Mars Translation Services';
BYD Lofts - Boutique Hotel,Telecommunications,UPDATE executives SET category = 'Telecommunications' WHERE current_company = 'BYD Lofts - Boutique Hotel';
Essig Family McDonald's,Consulting / Services,UPDATE executives SET category = 'Consulting / Services' WHERE current_company = 'Essig Family McDonald''s';
"JOHNSON, FOSTER, FITZGERALD & DA",Retail / E-Commerce,"UPDATE executives SET category = 'Retail / E-Commerce' WHERE current_company = 'JOHNSON, FOSTER, FITZGERALD & DA';"
National Choice Bakery (BAGELS) HAS BEEN ACQUIRED BY BIMBO BAKERIES USA,Manufacturing,UPDATE executives SET category = 'Manufacturing' WHERE current_company = 'National Choice Bakery (BAGELS) HAS BEEN ACQUIRED BY BIMBO BAKERIES USA';
Le faire-part franÃ§ais,Insurance,UPDATE executives SET category = 'Insurance' WHERE current_company = 'Le faire-part franÃ§ais';
Fidelity Bank & Trust,Food & Beverage,UPDATE executives SET category = 'Food & Beverage' WHERE current_company = 'Fidelity Bank & Trust';
Stealth SAP and AI startup,Consulting / Services,UPDATE executives SET category = 'Consulting / Services' WHERE current_company = 'Stealth SAP and AI startup';
Upsales,Insurance,UPDATE executives SET category = 'Insurance' WHERE current_company = 'Upsales';
Avon Maitland District School Board,Software / SaaS,UPDATE executives SET category = 'Software / SaaS' WHERE current_company = 'Avon Maitland District School Board';
Orange Charger,Healthcare,UPDATE executives SET category = 'Healthcare' WHERE current_company = 'Orange Charger';
VisaWire,Nonprofit / Social Impact,UPDATE executives SET category = 'Nonprofit / Social Impact' WHERE current_company = 'VisaWire';
Bayer DesignSolutions TÃ¼rkiye,Legal Services,UPDATE executives SET category = 'Legal Services' WHERE current_company = 'Bayer DesignSolutions TÃ¼rkiye';
Zoom Room Dog Training,Automotive,UPDATE executives SET category = 'Automotive' WHERE current_company = 'Zoom Room Dog Training';
Revolution Entertainment Services,Consumer Goods,UPDATE executives SET category = 'Consumer Goods' WHERE current_company = 'Revolution Entertainment Services';
Airgap Networks Inc. (Acquired by Zscaler),Financial Services,UPDATE executives SET category = 'Financial Services' WHERE current_company = 'Airgap Networks Inc. (Acquired by Zscaler)';
Emirates Keys & Diagnostic Tools,Energy / Utilities,UPDATE executives SET category = 'Energy / Utilities' WHERE current_company = 'Emirates Keys & Diagnostic Tools';
Intercomp,Financial Services,UPDATE executives SET category = 'Financial Services' WHERE current_company = 'Intercomp';
Ubisoft Sofia,Healthcare,UPDATE executives SET category = 'Healthcare' WHERE current_company = 'Ubisoft Sofia';
RoutePerfect,Financial Services,UPDATE executives SET category = 'Financial Services' WHERE current_company = 'RoutePerfect';
Attest Health Care Advisors,Nonprofit / Social Impact,UPDATE executives SET category = 'Nonprofit / Social Impact' WHERE current_company = 'Attest Health Care Advisors';
Plaid Pantry,Consulting / Services,UPDATE executives SET category = 'Consulting / Services' WHERE current_company = 'Plaid Pantry';
BRC.swiss,Consulting / Services,UPDATE executives SET category = 'Consulting / Services' WHERE current_company = 'BRC.swiss';
Unity Its,Insurance,UPDATE executives SET category = 'Insurance' WHERE current_company = 'Unity Its';
"AbeBooks, an Amazon company",Automotive,"UPDATE executives SET category = 'Automotive' WHERE current_company = 'AbeBooks, an Amazon company';"
Cisco Air Systems,Legal Services,UPDATE executives SET category = 'Legal Services' WHERE current_company = 'Cisco Air Systems';
Top Notion Visa Consultant,Pharmaceuticals,UPDATE executives SET category = 'Pharmaceuticals' WHERE current_company = 'Top Notion Visa Consultant';
Apple Star,Nonprofit / Social Impact,UPDATE executives SET category = 'Nonprofit / Social Impact' WHERE current_company = 'Apple Star';
Marsh Global Holdings Limited,Retail / E-Commerce,UPDATE executives SET category = 'Retail / E-Commerce' WHERE current_company = 'Marsh Global Holdings Limited';
I-Tel Communications DBA at&t,Telecommunications,UPDATE executives SET category = 'Telecommunications' WHERE current_company = 'I-Tel Communications DBA at&t';
Fairex Global Management Consulting,Energy / Utilities,UPDATE executives SET category = 'Energy / Utilities' WHERE current_company = 'Fairex Global Management Consulting';
KG CRM Solutions LLP - Zoho Authorized Partner,Automotive,UPDATE executives SET category = 'Automotive' WHERE current_company = 'KG CRM Solutions LLP - Zoho Authorized Partner';
Verizone,Automotive,UPDATE executives SET category = 'Automotive' WHERE current_company = 'Verizone';
Orange Collective,Education,UPDATE executives SET category = 'Education' WHERE current_company = 'Orange Collective';
Orange Express,Media & Entertainment,UPDATE executives SET category = 'Media & Entertainment' WHERE current_company = 'Orange Express';
Vale in Oman,Legal Services,UPDATE executives SET category = 'Legal Services' WHERE current_company = 'Vale in Oman';
Chef's Convoy,Healthcare,UPDATE executives SET category = 'Healthcare' WHERE current_company = 'Chef''s Convoy';
MAZ ILUMINACIÃ“N,Media & Entertainment,UPDATE executives SET category = 'Media & Entertainment' WHERE current_company = 'MAZ ILUMINACIÃ“N';
Moderna Products,Manufacturing,UPDATE executives SET category = 'Manufacturing' WHERE current_company = 'Moderna Products';
Crowe Valente,Food & Beverage,UPDATE executives SET category = 'Food & Beverage' WHERE current_company = 'Crowe Valente';
OKT.ai,Consulting / Services,UPDATE executives SET category = 'Consulting / Services' WHERE current_company = 'OKT.ai';
Royal Surrey NHS Foundation Trust,Cloud Computing,UPDATE executives SET category = 'Cloud Computing' WHERE current_company = 'Royal Surrey NHS Foundation Trust';
DiscordA,Legal Services,UPDATE executives SET category = 'Legal Services' WHERE current_company = 'DiscordA';
"SalesForce Recruiters, Inc.",Healthcare,"UPDATE executives SET category = 'Healthcare' WHERE current_company = 'SalesForce Recruiters, Inc.';"
Yours High Potential School,Cloud Computing,UPDATE executives SET category = 'Cloud Computing' WHERE current_company = 'Yours High Potential School';
"Gusto Technology Co.,Ltd.",Manufacturing,"UPDATE executives SET category = 'Manufacturing' WHERE current_company = 'Gusto Technology Co.,Ltd.';"
"SpringCM, a DocuSign company",Healthcare,"UPDATE executives SET category = 'Healthcare' WHERE current_company = 'SpringCM, a DocuSign company';"
Fidelity Funding,Telecommunications,UPDATE executives SET category = 'Telecommunications' WHERE current_company = 'Fidelity Funding';
THE WEWORK GROUP,Nonprofit / Social Impact,UPDATE executives SET category = 'Nonprofit / Social Impact' WHERE current_company = 'THE WEWORK GROUP';
Cognizant Foundation,Cloud Computing,UPDATE executives SET category = 'Cloud Computing' WHERE current_company = 'Cognizant Foundation';
"Rakuten Life Insurance Co., Ltd.",Manufacturing,"UPDATE executives SET category = 'Manufacturing' WHERE current_company = 'Rakuten Life Insurance Co., Ltd.';"
"Hyundai Motor Manufacturing Alabama, LLC",Pharmaceuticals,"UPDATE executives SET category = 'Pharmaceuticals' WHERE current_company = 'Hyundai Motor Manufacturing Alabama, LLC';"
Cisco Meraki,Food & Beverage,UPDATE executives SET category = 'Food & Beverage' WHERE current_company = 'Cisco Meraki';
NestlÃ© Purina PetCare Europe,Telecommunications,UPDATE executives SET category = 'Telecommunications' WHERE current_company = 'NestlÃ© Purina PetCare Europe';
Square Enix America,Food & Beverage,UPDATE executives SET category = 'Food & Beverage' WHERE current_company = 'Square Enix America';
"Square Clover, Inc",Consumer Goods,"UPDATE executives SET category = 'Consumer Goods' WHERE current_company = 'Square Clover, Inc';"
Circular Unity,Consulting / Services,UPDATE executives SET category = 'Consulting / Services' WHERE current_company = 'Circular Unity';
OpenAirExpress,Telecommunications,UPDATE executives SET category = 'Telecommunications' WHERE current_company = 'OpenAirExpress';
Vida Vale,Nonprofit / Social Impact,UPDATE executives SET category = 'Nonprofit / Social Impact' WHERE current_company = 'Vida Vale';
Rio Tinto Aluminium (Holdings) Limited,Consulting / Services,UPDATE executives SET category = 'Consulting / Services' WHERE current_company = 'Rio Tinto Aluminium (Holdings) Limited';
Orange Viagens,Consumer Goods,UPDATE executives SET category = 'Consumer Goods' WHERE current_company = 'Orange Viagens';
China Mobile,Energy / Utilities,UPDATE executives SET category = 'Energy / Utilities' WHERE current_company = 'China Mobile';
NestlÃ© Pakistan,Financial Services,UPDATE executives SET category = 'Financial Services' WHERE current_company = 'NestlÃ© Pakistan';
Merck Electronics,Manufacturing,UPDATE executives SET category = 'Manufacturing' WHERE current_company = 'Merck Electronics';
Emirates Film Festival,Consulting / Services,UPDATE executives SET category = 'Consulting / Services' WHERE current_company = 'Emirates Film Festival';
Mars Communication,Manufacturing,UPDATE executives SET category = 'Manufacturing' WHERE current_company = 'Mars Communication';
Office of Texas Governor Greg Abbott,Cloud Computing,UPDATE executives SET category = 'Cloud Computing' WHERE current_company = 'Office of Texas Governor Greg Abbott';
AMD Music,Software / SaaS,UPDATE executives SET category = 'Software / SaaS' WHERE current_company = 'AMD Music';
NGC | Google Cloud Premier Partner,Food & Beverage,UPDATE executives SET category = 'Food & Beverage' WHERE current_company = 'NGC | Google Cloud Premier Partner';
Spark Infosys,Financial Services,UPDATE executives SET category = 'Financial Services' WHERE current_company = 'Spark Infosys';
Acer Trailer,Food & Beverage,UPDATE executives SET category = 'Food & Beverage' WHERE current_company = 'Acer Trailer';
Johnson Winter Slattery,Cloud Computing,UPDATE executives SET category = 'Cloud Computing' WHERE current_company = 'Johnson Winter Slattery';
Upper Spire - Salesforce ISV Partner,Insurance,UPDATE executives SET category = 'Insurance' WHERE current_company = 'Upper Spire - Salesforce ISV Partner';
AMD Engineering,Food & Beverage,UPDATE executives SET category = 'Food & Beverage' WHERE current_company = 'AMD Engineering';
Asset Management Digital Group,Cloud Computing,UPDATE executives SET category = 'Cloud Computing' WHERE current_company = 'Asset Management Digital Group';
AXA Italia,Education,UPDATE executives SET category = 'Education' WHERE current_company = 'AXA Italia';
PwC Australia,Cloud Computing,UPDATE executives SET category = 'Cloud Computing' WHERE current_company = 'PwC Australia';
WirelessOne - Verizon Wireless Premium Retailer,Cloud Computing,UPDATE executives SET category = 'Cloud Computing' WHERE current_company = 'WirelessOne - Verizon Wireless Premium Retailer';
Lineaum (Uber for Sustainable Jets),Insurance,UPDATE executives SET category = 'Insurance' WHERE current_company = 'Lineaum (Uber for Sustainable Jets)';
Fidelity Home Partners,Retail / E-Commerce,UPDATE executives SET category = 'Retail / E-Commerce' WHERE current_company = 'Fidelity Home Partners';
Zenatix by Schneider Electric,Food & Beverage,UPDATE executives SET category = 'Food & Beverage' WHERE current_company = 'Zenatix by Schneider Electric';
Flipkart Grocery And Agro Foods,Retail / E-Commerce,UPDATE executives SET category = 'Retail / E-Commerce' WHERE current_company = 'Flipkart Grocery And Agro Foods';
T-Mobile Polska Business Solutions,Consumer Goods,UPDATE executives SET category = 'Consumer Goods' WHERE current_company = 'T-Mobile Polska Business Solutions';
"DOCK Joined in tech, an IBM Company",Financial Services,"UPDATE executives SET category = 'Financial Services' WHERE current_company = 'DOCK Joined in tech, an IBM Company';"
Rotork,Cloud Computing,UPDATE executives SET category = 'Cloud Computing' WHERE current_company = 'Rotork';
Logo1.ro,Legal Services,UPDATE executives SET category = 'Legal Services' WHERE current_company = 'Logo1.ro';
GPLUX TRAINING SAP,Media & Entertainment,UPDATE executives SET category = 'Media & Entertainment' WHERE current_company = 'GPLUX TRAINING SAP';
AMD Electric,Cloud Computing,UPDATE executives SET category = 'Cloud Computing' WHERE current_company = 'AMD Electric';
Anthem Capital,Pharmaceuticals,UPDATE executives SET category = 'Pharmaceuticals' WHERE current_company = 'Anthem Capital';
Ups n Downs,Healthcare,UPDATE executives SET category = 'Healthcare' WHERE current_company = 'Ups n Downs';
KIA OF GASTONIA,Retail / E-Commerce,UPDATE executives SET category = 'Retail / E-Commerce' WHERE current_company = 'KIA OF GASTONIA';
Rochester Institute of Technology,Automotive,UPDATE executives SET category = 'Automotive' WHERE current_company = 'Rochester Institute of Technology';
Red Apple Group,Telecommunications,UPDATE executives SET category = 'Telecommunications' WHERE current_company = 'Red Apple Group';
AM,Education,UPDATE executives SET category = 'Education' WHERE current_company = 'AM';
Revolution Lighting LLC,Financial Services,UPDATE executives SET category = 'Financial Services' WHERE current_company = 'Revolution Lighting LLC';
Robusta Dev,Aerospace / Defense,UPDATE executives SET category = 'Aerospace / Defense' WHERE current_company = 'Robusta Dev';
Acertpix,Pharmaceuticals,UPDATE executives SET category = 'Pharmaceuticals' WHERE current_company = 'Acertpix';
Redditch Medical,Automotive,UPDATE executives SET category = 'Automotive' WHERE current_company = 'Redditch Medical';
BASF Environmental Catalyst and Metal Solutions,Retail / E-Commerce,UPDATE executives SET category = 'Retail / E-Commerce' WHERE current_company = 'BASF Environmental Catalyst and Metal Solutions';
Chimeras,Retail / E-Commerce,UPDATE executives SET category = 'Retail / E-Commerce' WHERE current_company = 'Chimeras';
Berkshire Hathaway Energy,Legal Services,UPDATE executives SET category = 'Legal Services' WHERE current_company = 'Berkshire Hathaway Energy';
Zoom Building Group,Pharmaceuticals,UPDATE executives SET category = 'Pharmaceuticals' WHERE current_company = 'Zoom Building Group';
Elite Tech Corp | Zoho Advanced Partner,Retail / E-Commerce,UPDATE executives SET category = 'Retail / E-Commerce' WHERE current_company = 'Elite Tech Corp | Zoho Advanced Partner';
BP Interiors,Consumer Goods,UPDATE executives SET category = 'Consumer Goods' WHERE current_company = 'BP Interiors';
Walmart Sourcing,Education,UPDATE executives SET category = 'Education' WHERE current_company = 'Walmart Sourcing';
Heba,Software / SaaS,UPDATE executives SET category = 'Software / SaaS' WHERE current_company = 'Heba';
Bp Productions,Cloud Computing,UPDATE executives SET category = 'Cloud Computing' WHERE current_company = 'Bp Productions';
Upscaler,Retail / E-Commerce,UPDATE executives SET category = 'Retail / E-Commerce' WHERE current_company = 'Upscaler';
Senthuraa Technologies | ZOHO Partner,Food & Beverage,UPDATE executives SET category = 'Food & Beverage' WHERE current_company = 'Senthuraa Technologies | ZOHO Partner';
MarshallZehr Group Inc.,Energy / Utilities,UPDATE executives SET category = 'Energy / Utilities' WHERE current_company = 'MarshallZehr Group Inc.';
Acera Health,Telecommunications,UPDATE executives SET category = 'Telecommunications' WHERE current_company = 'Acera Health';
Publix Super Markets,Energy / Utilities,UPDATE executives SET category = 'Energy / Utilities' WHERE current_company = 'Publix Super Markets';
Fluid Line Technology Corporation,Retail / E-Commerce,UPDATE executives SET category = 'Retail / E-Commerce' WHERE current_company = 'Fluid Line Technology Corporation';
Zoom Zoom,Consulting / Services,UPDATE executives SET category = 'Consulting / Services' WHERE current_company = 'Zoom Zoom';
"Blueface, a Comcast Business Company",Software / SaaS,"UPDATE executives SET category = 'Software / SaaS' WHERE current_company = 'Blueface, a Comcast Business Company';"
TCS Telecommunication Systems Inc.,Energy / Utilities,UPDATE executives SET category = 'Energy / Utilities' WHERE current_company = 'TCS Telecommunication Systems Inc.';
apple express,Food & Beverage,UPDATE executives SET category = 'Food & Beverage' WHERE current_company = 'apple express';
Goldman Sachs Commercial Mortgage Capital,Automotive,UPDATE executives SET category = 'Automotive' WHERE current_company = 'Goldman Sachs Commercial Mortgage Capital';
Visa Watcher,Manufacturing,UPDATE executives SET category = 'Manufacturing' WHERE current_company = 'Visa Watcher';
Orange Medical,Nonprofit / Social Impact,UPDATE executives SET category = 'Nonprofit / Social Impact' WHERE current_company = 'Orange Medical';
SAP MEDIA WORLDWIDE LTD,Insurance,UPDATE executives SET category = 'Insurance' WHERE current_company = 'SAP MEDIA WORLDWIDE LTD';
Fidelity National Collections,Legal Services,UPDATE executives SET category = 'Legal Services' WHERE current_company = 'Fidelity National Collections';
"Sentia Group, part of Accenture",Nonprofit / Social Impact,"UPDATE executives SET category = 'Nonprofit / Social Impact' WHERE current_company = 'Sentia Group, part of Accenture';"
"BP Shipping,",Financial Services,"UPDATE executives SET category = 'Financial Services' WHERE current_company = 'BP Shipping,';"
bpo Collections Ltd,Insurance,UPDATE executives SET category = 'Insurance' WHERE current_company = 'bpo Collections Ltd';
Revolution Physical Therapy Weight Loss,Consulting / Services,UPDATE executives SET category = 'Consulting / Services' WHERE current_company = 'Revolution Physical Therapy Weight Loss';
"Oak Street Health, part of CVS Health",Cloud Computing,"UPDATE executives SET category = 'Cloud Computing' WHERE current_company = 'Oak Street Health, part of CVS Health';"
High Fidelity,Telecommunications,UPDATE executives SET category = 'Telecommunications' WHERE current_company = 'High Fidelity';
Coca-Cola UberlÃ¢ndia Refrescos,Consulting / Services,UPDATE executives SET category = 'Consulting / Services' WHERE current_company = 'Coca-Cola UberlÃ¢ndia Refrescos';
Hyundai Motor India Ltd.,Media & Entertainment,UPDATE executives SET category = 'Media & Entertainment' WHERE current_company = 'Hyundai Motor India Ltd.';
Cornershop by Uber,Consulting / Services,UPDATE executives SET category = 'Consulting / Services' WHERE current_company = 'Cornershop by Uber';
ASML Logistics (PTY) LTD,Education,UPDATE executives SET category = 'Education' WHERE current_company = 'ASML Logistics (PTY) LTD';
Qualcomm Ventures,Legal Services,UPDATE executives SET category = 'Legal Services' WHERE current_company = 'Qualcomm Ventures';
Valenz,Aerospace / Defense,UPDATE executives SET category = 'Aerospace / Defense' WHERE current_company = 'Valenz';
Johnson Hardwood,Consumer Goods,UPDATE executives SET category = 'Consumer Goods' WHERE current_company = 'Johnson Hardwood';
Revolution | Full-Stack Revenue Growth Agency,Retail / E-Commerce,UPDATE executives SET category = 'Retail / E-Commerce' WHERE current_company = 'Revolution | Full-Stack Revenue Growth Agency';
S I Elastic,Media & Entertainment,UPDATE executives SET category = 'Media & Entertainment' WHERE current_company = 'S I Elastic';
"Nestlerode & Loy, Inc.",Consulting / Services,"UPDATE executives SET category = 'Consulting / Services' WHERE current_company = 'Nestlerode & Loy, Inc.';"
AXA Liabilities Managers,Manufacturing,UPDATE executives SET category = 'Manufacturing' WHERE current_company = 'AXA Liabilities Managers';
Acerbis Italia SpA,Cloud Computing,UPDATE executives SET category = 'Cloud Computing' WHERE current_company = 'Acerbis Italia SpA';
HEB MÃ©xico,Education,UPDATE executives SET category = 'Education' WHERE current_company = 'HEB MÃ©xico';
"Kadmon, a Sanofi Company",Consulting / Services,"UPDATE executives SET category = 'Consulting / Services' WHERE current_company = 'Kadmon, a Sanofi Company';"
"Delta Air Lines Global Services, LLC",Healthcare,"UPDATE executives SET category = 'Healthcare' WHERE current_company = 'Delta Air Lines Global Services, LLC';"
OktaPay,Insurance,UPDATE executives SET category = 'Insurance' WHERE current_company = 'OktaPay';
Oracle Solutions Asbestos Ltd,Insurance,UPDATE executives SET category = 'Insurance' WHERE current_company = 'Oracle Solutions Asbestos Ltd';
Huntsville Coca-Cola,Retail / E-Commerce,UPDATE executives SET category = 'Retail / E-Commerce' WHERE current_company = 'Huntsville Coca-Cola';
Rakuten Trade,Consulting / Services,UPDATE executives SET category = 'Consulting / Services' WHERE current_company = 'Rakuten Trade';
PipeGuard Solutions,Consulting / Services,UPDATE executives SET category = 'Consulting / Services' WHERE current_company = 'PipeGuard Solutions';
KPMG Sweden,Automotive,UPDATE executives SET category = 'Automotive' WHERE current_company = 'KPMG Sweden';
Bayer Consumer Care AG,Telecommunications,UPDATE executives SET category = 'Telecommunications' WHERE current_company = 'Bayer Consumer Care AG';
Check Point Group,Media & Entertainment,UPDATE executives SET category = 'Media & Entertainment' WHERE current_company = 'Check Point Group';
Biznis Intel,Telecommunications,UPDATE executives SET category = 'Telecommunications' WHERE current_company = 'Biznis Intel';
Covidien (Medtronic Minimally Invasive Therapies Group),Software / SaaS,UPDATE executives SET category = 'Software / SaaS' WHERE current_company = 'Covidien (Medtronic Minimally Invasive Therapies Group)';
Moderna Group Oficial,Energy / Utilities,UPDATE executives SET category = 'Energy / Utilities' WHERE current_company = 'Moderna Group Oficial';
Marshall County School District,Cloud Computing,UPDATE executives SET category = 'Cloud Computing' WHERE current_company = 'Marshall County School District';
BP Print Group,Pharmaceuticals,UPDATE executives SET category = 'Pharmaceuticals' WHERE current_company = 'BP Print Group';
"Vision-Box, an Amadeus company",Healthcare,"UPDATE executives SET category = 'Healthcare' WHERE current_company = 'Vision-Box, an Amadeus company';"
Valvetronic Designs,Nonprofit / Social Impact,UPDATE executives SET category = 'Nonprofit / Social Impact' WHERE current_company = 'Valvetronic Designs';
Shell Restoration,Food & Beverage,UPDATE executives SET category = 'Food & Beverage' WHERE current_company = 'Shell Restoration';
YVI Valve,Manufacturing,UPDATE executives SET category = 'Manufacturing' WHERE current_company = 'YVI Valve';
Lockheed Martin Rotary & Mission Systems,Education,UPDATE executives SET category = 'Education' WHERE current_company = 'Lockheed Martin Rotary & Mission Systems';
BlackStone,Software / SaaS,UPDATE executives SET category = 'Software / SaaS' WHERE current_company = 'BlackStone';
SQUAREMILED,Energy / Utilities,UPDATE executives SET category = 'Energy / Utilities' WHERE current_company = 'SQUAREMILED';
Kia Europe,Manufacturing,UPDATE executives SET category = 'Manufacturing' WHERE current_company = 'Kia Europe';
Intuit Salud,Cloud Computing,UPDATE executives SET category = 'Cloud Computing' WHERE current_company = 'Intuit Salud';
GRUPO LA ROCHE SAS,Aerospace / Defense,UPDATE executives SET category = 'Aerospace / Defense' WHERE current_company = 'GRUPO LA ROCHE SAS';
ACERA,Manufacturing,UPDATE executives SET category = 'Manufacturing' WHERE current_company = 'ACERA';
PepsiCo Pakistan,Consulting / Services,UPDATE executives SET category = 'Consulting / Services' WHERE current_company = 'PepsiCo Pakistan';
ORange,Consumer Goods,UPDATE executives SET category = 'Consumer Goods' WHERE current_company = 'ORange';
Royal Food Service,Manufacturing,UPDATE executives SET category = 'Manufacturing' WHERE current_company = 'Royal Food Service';
Zoom Samedayz,Software / SaaS,UPDATE executives SET category = 'Software / SaaS' WHERE current_company = 'Zoom Samedayz';
Acer Espacios Naturales,Energy / Utilities,UPDATE executives SET category = 'Energy / Utilities' WHERE current_company = 'Acer Espacios Naturales';
Ancestry,Telecommunications,UPDATE executives SET category = 'Telecommunications' WHERE current_company = 'Ancestry';
HEBO,Consumer Goods,UPDATE executives SET category = 'Consumer Goods' WHERE current_company = 'HEBO';
SM Line Corporation (SMìƒì„ ),Manufacturing,UPDATE executives SET category = 'Manufacturing' WHERE current_company = 'SM Line Corporation (SMìƒì„ )';
MIRO,Education,UPDATE executives SET category = 'Education' WHERE current_company = 'MIRO';
Robin AI,Cloud Computing,UPDATE executives SET category = 'Cloud Computing' WHERE current_company = 'Robin AI';
Intuitive Websites,Healthcare,UPDATE executives SET category = 'Healthcare' WHERE current_company = 'Intuitive Websites';
Uber Homes Real Estate,Nonprofit / Social Impact,UPDATE executives SET category = 'Nonprofit / Social Impact' WHERE current_company = 'Uber Homes Real Estate';
BPM Group,Manufacturing,UPDATE executives SET category = 'Manufacturing' WHERE current_company = 'BPM Group';
Samsara Artists,Nonprofit / Social Impact,UPDATE executives SET category = 'Nonprofit / Social Impact' WHERE current_company = 'Samsara Artists';
Blackstone Investment Group,Insurance,UPDATE executives SET category = 'Insurance' WHERE current_company = 'Blackstone Investment Group';
Grabysur SL,Manufacturing,UPDATE executives SET category = 'Manufacturing' WHERE current_company = 'Grabysur SL';
AMDA Foundation Limited,Legal Services,UPDATE executives SET category = 'Legal Services' WHERE current_company = 'AMDA Foundation Limited';
Subway India,Cloud Computing,UPDATE executives SET category = 'Cloud Computing' WHERE current_company = 'Subway India';
Samsung NeuroLogica,Software / SaaS,UPDATE executives SET category = 'Software / SaaS' WHERE current_company = 'Samsung NeuroLogica';
Cognizant Communication,Manufacturing,UPDATE executives SET category = 'Manufacturing' WHERE current_company = 'Cognizant Communication';
TCS Heating & Air Conditioning,Telecommunications,UPDATE executives SET category = 'Telecommunications' WHERE current_company = 'TCS Heating & Air Conditioning';
Acervo Incomum,Software / SaaS,UPDATE executives SET category = 'Software / SaaS' WHERE current_company = 'Acervo Incomum';
Google Cloud Skills Boost,Consumer Goods,UPDATE executives SET category = 'Consumer Goods' WHERE current_company = 'Google Cloud Skills Boost';
Bayern Innovativ GmbH,Consumer Goods,UPDATE executives SET category = 'Consumer Goods' WHERE current_company = 'Bayern Innovativ GmbH';
HP POOLS INC,Pharmaceuticals,UPDATE executives SET category = 'Pharmaceuticals' WHERE current_company = 'HP POOLS INC';
American Airlines Credit Union,Energy / Utilities,UPDATE executives SET category = 'Energy / Utilities' WHERE current_company = 'American Airlines Credit Union';
"Johnson Energy Storage, Inc.",Aerospace / Defense,"UPDATE executives SET category = 'Aerospace / Defense' WHERE current_company = 'Johnson Energy Storage, Inc.';"
Reliance Capital | Reliance Group,Retail / E-Commerce,UPDATE executives SET category = 'Retail / E-Commerce' WHERE current_company = 'Reliance Capital | Reliance Group';
InteleTravel.com,Consumer Goods,UPDATE executives SET category = 'Consumer Goods' WHERE current_company = 'InteleTravel.com';
"MORNINGSTAR CHILDREN AND FAMILY SERVICES, LLC",Energy / Utilities,"UPDATE executives SET category = 'Energy / Utilities' WHERE current_company = 'MORNINGSTAR CHILDREN AND FAMILY SERVICES, LLC';"
MIRO Analytical AG,Education,UPDATE executives SET category = 'Education' WHERE current_company = 'MIRO Analytical AG';
Targetflow,Financial Services,UPDATE executives SET category = 'Financial Services' WHERE current_company = 'Targetflow';
Davis TCS,Manufacturing,UPDATE executives SET category = 'Manufacturing' WHERE current_company = 'Davis TCS';
GrabbnGo,Education,UPDATE executives SET category = 'Education' WHERE current_company = 'GrabbnGo';
GAME-INTUIT LTD,Aerospace / Defense,UPDATE executives SET category = 'Aerospace / Defense' WHERE current_company = 'GAME-INTUIT LTD';
"Seller Drive Global-Selling on Amazon, TikTok Shop, Walmart, or Shopify? Weâ€™ve got you covered!",Nonprofit / Social Impact,"UPDATE executives SET category = 'Nonprofit / Social Impact' WHERE current_company = 'Seller Drive Global-Selling on Amazon, TikTok Shop, Walmart, or Shopify? Weâ€™ve got you covered!';"
MIRO S.a.s.,Legal Services,UPDATE executives SET category = 'Legal Services' WHERE current_company = 'MIRO S.a.s.';
Starbucks Australia,Consumer Goods,UPDATE executives SET category = 'Consumer Goods' WHERE current_company = 'Starbucks Australia';
Rivia Infosys Pvt Ltd,Automotive,UPDATE executives SET category = 'Automotive' WHERE current_company = 'Rivia Infosys Pvt Ltd';
Target Integration,Financial Services,UPDATE executives SET category = 'Financial Services' WHERE current_company = 'Target Integration';
Raytheon Australia,Aerospace / Defense,UPDATE executives SET category = 'Aerospace / Defense' WHERE current_company = 'Raytheon Australia';
IDC Frontier Inc.,Pharmaceuticals,UPDATE executives SET category = 'Pharmaceuticals' WHERE current_company = 'IDC Frontier Inc.';
Aviation Partners Boeing,Education,UPDATE executives SET category = 'Education' WHERE current_company = 'Aviation Partners Boeing';
HEBERI.com,Financial Services,UPDATE executives SET category = 'Financial Services' WHERE current_company = 'HEBERI.com';
KPMG Ãsland,Education,UPDATE executives SET category = 'Education' WHERE current_company = 'KPMG Ãsland';
"Akamai Art Supply, Inc",Insurance,"UPDATE executives SET category = 'Insurance' WHERE current_company = 'Akamai Art Supply, Inc';"
AXA Climate,Automotive,UPDATE executives SET category = 'Automotive' WHERE current_company = 'AXA Climate';
IDC Corporation,Healthcare,UPDATE executives SET category = 'Healthcare' WHERE current_company = 'IDC Corporation';
Jeldwen,Healthcare,UPDATE executives SET category = 'Healthcare' WHERE current_company = 'Jeldwen';
Sapa,Automotive,UPDATE executives SET category = 'Automotive' WHERE current_company = 'Sapa';
Tatweer Cyber Security (TCS),Insurance,UPDATE executives SET category = 'Insurance' WHERE current_company = 'Tatweer Cyber Security (TCS)';
Emirates Net Group,Consulting / Services,UPDATE executives SET category = 'Consulting / Services' WHERE current_company = 'Emirates Net Group';
Visa Boxx,Media & Entertainment,UPDATE executives SET category = 'Media & Entertainment' WHERE current_company = 'Visa Boxx';
Fidelity Energy Ltd,Retail / E-Commerce,UPDATE executives SET category = 'Retail / E-Commerce' WHERE current_company = 'Fidelity Energy Ltd';
Orange Slovensko,Insurance,UPDATE executives SET category = 'Insurance' WHERE current_company = 'Orange Slovensko';
Anthem Publishing Ltd,Education,UPDATE executives SET category = 'Education' WHERE current_company = 'Anthem Publishing Ltd';
Arkansas State University System,Aerospace / Defense,UPDATE executives SET category = 'Aerospace / Defense' WHERE current_company = 'Arkansas State University System';
Lyfter Team,Automotive,UPDATE executives SET category = 'Automotive' WHERE current_company = 'Lyfter Team';
PT. SAP,Healthcare,UPDATE executives SET category = 'Healthcare' WHERE current_company = 'PT. SAP';
Nucora Lifecare Pvt.Ltd.,Food & Beverage,UPDATE executives SET category = 'Food & Beverage' WHERE current_company = 'Nucora Lifecare Pvt.Ltd.';
Trans Faire,Education,UPDATE executives SET category = 'Education' WHERE current_company = 'Trans Faire';
Lorals,Software / SaaS,UPDATE executives SET category = 'Software / SaaS' WHERE current_company = 'Lorals';
Bayerische Landesbank,Automotive,UPDATE executives SET category = 'Automotive' WHERE current_company = 'Bayerische Landesbank';
HYUNDAI MATERIALS,Nonprofit / Social Impact,UPDATE executives SET category = 'Nonprofit / Social Impact' WHERE current_company = 'HYUNDAI MATERIALS';
Lufthansa Cargo,Consulting / Services,UPDATE executives SET category = 'Consulting / Services' WHERE current_company = 'Lufthansa Cargo';
Stripes,Telecommunications,UPDATE executives SET category = 'Telecommunications' WHERE current_company = 'Stripes';
Ubermac,Retail / E-Commerce,UPDATE executives SET category = 'Retail / E-Commerce' WHERE current_company = 'Ubermac';
Lufthansa Technik Services India Pvt Ltd,Software / SaaS,UPDATE executives SET category = 'Software / SaaS' WHERE current_company = 'Lufthansa Technik Services India Pvt Ltd';
AMD Agencia,Nonprofit / Social Impact,UPDATE executives SET category = 'Nonprofit / Social Impact' WHERE current_company = 'AMD Agencia';
KPMG Nunwood,Aerospace / Defense,UPDATE executives SET category = 'Aerospace / Defense' WHERE current_company = 'KPMG Nunwood';
ektosym GmbH | Google Cloud Partner,Energy / Utilities,UPDATE executives SET category = 'Energy / Utilities' WHERE current_company = 'ektosym GmbH | Google Cloud Partner';
Deutsche Telekom IT Solutions HU,Legal Services,UPDATE executives SET category = 'Legal Services' WHERE current_company = 'Deutsche Telekom IT Solutions HU';
Toyota Material Handling North America,Pharmaceuticals,UPDATE executives SET category = 'Pharmaceuticals' WHERE current_company = 'Toyota Material Handling North America';
OKTA & Co.,Automotive,UPDATE executives SET category = 'Automotive' WHERE current_company = 'OKTA & Co.';
"MOBIX, digital partner & IA - Zoho",Media & Entertainment,"UPDATE executives SET category = 'Media & Entertainment' WHERE current_company = 'MOBIX, digital partner & IA - Zoho';"
"Kirby Building Systems, A Nucor Company",Financial Services,"UPDATE executives SET category = 'Financial Services' WHERE current_company = 'Kirby Building Systems, A Nucor Company';"
Inthegra,Software / SaaS,UPDATE executives SET category = 'Software / SaaS' WHERE current_company = 'Inthegra';
Best Float Valve,Manufacturing,UPDATE executives SET category = 'Manufacturing' WHERE current_company = 'Best Float Valve';
TSK Global | Zoho Premium Partner,Aerospace / Defense,UPDATE executives SET category = 'Aerospace / Defense' WHERE current_company = 'TSK Global | Zoho Premium Partner';
FedEx Logistics,Manufacturing,UPDATE executives SET category = 'Manufacturing' WHERE current_company = 'FedEx Logistics';
Ford Trucks Deutschland,Education,UPDATE executives SET category = 'Education' WHERE current_company = 'Ford Trucks Deutschland';
Crowe Dunlevy,Telecommunications,UPDATE executives SET category = 'Telecommunications' WHERE current_company = 'Crowe Dunlevy';
Visa Partners GmbH,Retail / E-Commerce,UPDATE executives SET category = 'Retail / E-Commerce' WHERE current_company = 'Visa Partners GmbH';
CRM Transformers - Zoho Consultants,Nonprofit / Social Impact,UPDATE executives SET category = 'Nonprofit / Social Impact' WHERE current_company = 'CRM Transformers - Zoho Consultants';
Forrester Construction,Manufacturing,UPDATE executives SET category = 'Manufacturing' WHERE current_company = 'Forrester Construction';
TCS Access,Pharmaceuticals,UPDATE executives SET category = 'Pharmaceuticals' WHERE current_company = 'TCS Access';
Reliance Rail,Pharmaceuticals,UPDATE executives SET category = 'Pharmaceuticals' WHERE current_company = 'Reliance Rail';
Attica Group,Financial Services,UPDATE executives SET category = 'Financial Services' WHERE current_company = 'Attica Group';
Modern Atomics,Legal Services,UPDATE executives SET category = 'Legal Services' WHERE current_company = 'Modern Atomics';
AT&T Global Network Services India Private Ltd.,Education,UPDATE executives SET category = 'Education' WHERE current_company = 'AT&T Global Network Services India Private Ltd.';
Saudi Aramco Base Oil Company-Luberef,Aerospace / Defense,UPDATE executives SET category = 'Aerospace / Defense' WHERE current_company = 'Saudi Aramco Base Oil Company-Luberef';
"eBay Japan (G.K., K.K., LLC)",Aerospace / Defense,"UPDATE executives SET category = 'Aerospace / Defense' WHERE current_company = 'eBay Japan (G.K., K.K., LLC)';"
MARSIE,Education,UPDATE executives SET category = 'Education' WHERE current_company = 'MARSIE';
Divine Box,Telecommunications,UPDATE executives SET category = 'Telecommunications' WHERE current_company = 'Divine Box';
"INTELIROUTE TECHNOLOGIES, LLC",Telecommunications,"UPDATE executives SET category = 'Telecommunications' WHERE current_company = 'INTELIROUTE TECHNOLOGIES, LLC';"
BP&A,Media & Entertainment,UPDATE executives SET category = 'Media & Entertainment' WHERE current_company = 'BP&A';
Wenatchee KIA,Consulting / Services,UPDATE executives SET category = 'Consulting / Services' WHERE current_company = 'Wenatchee KIA';
Grabit AI,Healthcare,UPDATE executives SET category = 'Healthcare' WHERE current_company = 'Grabit AI';
IBM iX DACH,Insurance,UPDATE executives SET category = 'Insurance' WHERE current_company = 'IBM iX DACH';
AWS Group,Education,UPDATE executives SET category = 'Education' WHERE current_company = 'AWS Group';
Moderna Development,Manufacturing,UPDATE executives SET category = 'Manufacturing' WHERE current_company = 'Moderna Development';
Reliance Digital,Consumer Goods,UPDATE executives SET category = 'Consumer Goods' WHERE current_company = 'Reliance Digital';
"School Tool Box, LLC",Consulting / Services,"UPDATE executives SET category = 'Consulting / Services' WHERE current_company = 'School Tool Box, LLC';"
Walt Disney Imagineering,Energy / Utilities,UPDATE executives SET category = 'Energy / Utilities' WHERE current_company = 'Walt Disney Imagineering';
Intel Research Solutions Limited,Software / SaaS,UPDATE executives SET category = 'Software / SaaS' WHERE current_company = 'Intel Research Solutions Limited';
Ferrari Green Energy,Manufacturing,UPDATE executives SET category = 'Manufacturing' WHERE current_company = 'Ferrari Green Energy';
Crowe Macro (Brazil),Consulting / Services,UPDATE executives SET category = 'Consulting / Services' WHERE current_company = 'Crowe Macro (Brazil)';
Unity Care,Healthcare,UPDATE executives SET category = 'Healthcare' WHERE current_company = 'Unity Care';
Permasteelisa Gartner Middle East,Consumer Goods,UPDATE executives SET category = 'Consumer Goods' WHERE current_company = 'Permasteelisa Gartner Middle East';
Wawasan Agrolipids Sdn Bhd,Food & Beverage,UPDATE executives SET category = 'Food & Beverage' WHERE current_company = 'Wawasan Agrolipids Sdn Bhd';
Volkswagen France,Automotive,UPDATE executives SET category = 'Automotive' WHERE current_company = 'Volkswagen France';
TSMC Arizona,Education,UPDATE executives SET category = 'Education' WHERE current_company = 'TSMC Arizona';
KPMG Argentina,Financial Services,UPDATE executives SET category = 'Financial Services' WHERE current_company = 'KPMG Argentina';
Valence : Powered by Lithion,Aerospace / Defense,UPDATE executives SET category = 'Aerospace / Defense' WHERE current_company = 'Valence : Powered by Lithion';
Fastweb + Vodafone,Software / SaaS,UPDATE executives SET category = 'Software / SaaS' WHERE current_company = 'Fastweb + Vodafone';
Wawasan Dengkil Sdn. Bhd.,Healthcare,UPDATE executives SET category = 'Healthcare' WHERE current_company = 'Wawasan Dengkil Sdn. Bhd.';
Cyclonic Valve Company,Financial Services,UPDATE executives SET category = 'Financial Services' WHERE current_company = 'Cyclonic Valve Company';
Accenture Southeast Asia,Consulting / Services,UPDATE executives SET category = 'Consulting / Services' WHERE current_company = 'Accenture Southeast Asia';
TCS nv,Automotive,UPDATE executives SET category = 'Automotive' WHERE current_company = 'TCS nv';
Open Air Homes,Education,UPDATE executives SET category = 'Education' WHERE current_company = 'Open Air Homes';
ATTIKON Finanz AG,Pharmaceuticals,UPDATE executives SET category = 'Pharmaceuticals' WHERE current_company = 'ATTIKON Finanz AG';
Gemini Trains,Manufacturing,UPDATE executives SET category = 'Manufacturing' WHERE current_company = 'Gemini Trains';
Orange Cars,Aerospace / Defense,UPDATE executives SET category = 'Aerospace / Defense' WHERE current_company = 'Orange Cars';
"CHS, Inc.",Consumer Goods,"UPDATE executives SET category = 'Consumer Goods' WHERE current_company = 'CHS, Inc.';"
Wertheimer Box,Legal Services,UPDATE executives SET category = 'Legal Services' WHERE current_company = 'Wertheimer Box';
SP Global Enterprises,Food & Beverage,UPDATE executives SET category = 'Food & Beverage' WHERE current_company = 'SP Global Enterprises';
Bob's Box,Telecommunications,UPDATE executives SET category = 'Telecommunications' WHERE current_company = 'Bob''s Box';
Amazon Lubricants,Healthcare,UPDATE executives SET category = 'Healthcare' WHERE current_company = 'Amazon Lubricants';
Abbott Minerals,Education,UPDATE executives SET category = 'Education' WHERE current_company = 'Abbott Minerals';
Emirates Express Technology,Food & Beverage,UPDATE executives SET category = 'Food & Beverage' WHERE current_company = 'Emirates Express Technology';
GitLabHost,Telecommunications,UPDATE executives SET category = 'Telecommunications' WHERE current_company = 'GitLabHost';
Vega Telecom (Vodafone Ukraine Group),Energy / Utilities,UPDATE executives SET category = 'Energy / Utilities' WHERE current_company = 'Vega Telecom (Vodafone Ukraine Group)';
Blue Bayer Design NYC,Insurance,UPDATE executives SET category = 'Insurance' WHERE current_company = 'Blue Bayer Design NYC';
HEBI Robotics,Aerospace / Defense,UPDATE executives SET category = 'Aerospace / Defense' WHERE current_company = 'HEBI Robotics';
Megavehiculos concesionario Hyundai,Legal Services,UPDATE executives SET category = 'Legal Services' WHERE current_company = 'Megavehiculos concesionario Hyundai';
"Resource/Ammirati, An IBM Company",Financial Services,"UPDATE executives SET category = 'Financial Services' WHERE current_company = 'Resource/Ammirati, An IBM Company';"
Oracle NetSuite Israeli Leading Partner,Cloud Computing,UPDATE executives SET category = 'Cloud Computing' WHERE current_company = 'Oracle NetSuite Israeli Leading Partner';
Chevron Phillips Chemical Company,Software / SaaS,UPDATE executives SET category = 'Software / SaaS' WHERE current_company = 'Chevron Phillips Chemical Company';
Morningstar Merchant Solutions,Software / SaaS,UPDATE executives SET category = 'Software / SaaS' WHERE current_company = 'Morningstar Merchant Solutions';
Mountain Hyundai,Consulting / Services,UPDATE executives SET category = 'Consulting / Services' WHERE current_company = 'Mountain Hyundai';
Abbott Lyon,Education,UPDATE executives SET category = 'Education' WHERE current_company = 'Abbott Lyon';
Gene Bostic - State Farm Agent,Nonprofit / Social Impact,UPDATE executives SET category = 'Nonprofit / Social Impact' WHERE current_company = 'Gene Bostic - State Farm Agent';
TOUT FAIRE,Media & Entertainment,UPDATE executives SET category = 'Media & Entertainment' WHERE current_company = 'TOUT FAIRE';
fordewind.io,Automotive,UPDATE executives SET category = 'Automotive' WHERE current_company = 'fordewind.io';
Berkshire Hathaway HomeServices Nevada Properties,Cloud Computing,UPDATE executives SET category = 'Cloud Computing' WHERE current_company = 'Berkshire Hathaway HomeServices Nevada Properties';
Intel,Telecommunications,UPDATE executives SET category = 'Telecommunications' WHERE current_company = 'Intel';
Fidelity Life,Insurance,UPDATE executives SET category = 'Insurance' WHERE current_company = 'Fidelity Life';
AWS Distributing,Energy / Utilities,UPDATE executives SET category = 'Energy / Utilities' WHERE current_company = 'AWS Distributing';
Danone Djurdjura AlgÃ©rie,Legal Services,UPDATE executives SET category = 'Legal Services' WHERE current_company = 'Danone Djurdjura AlgÃ©rie';
Hyundai Motor Group,Food & Beverage,UPDATE executives SET category = 'Food & Beverage' WHERE current_company = 'Hyundai Motor Group';
TSM Corp,Media & Entertainment,UPDATE executives SET category = 'Media & Entertainment' WHERE current_company = 'TSM Corp';
TCS Mobility USA,Nonprofit / Social Impact,UPDATE executives SET category = 'Nonprofit / Social Impact' WHERE current_company = 'TCS Mobility USA';
International Valve,Consumer Goods,UPDATE executives SET category = 'Consumer Goods' WHERE current_company = 'International Valve';
Abbott Track (Pvt.) Ltd.,Insurance,UPDATE executives SET category = 'Insurance' WHERE current_company = 'Abbott Track (Pvt.) Ltd.';
O.M.O. CONFIDENTIAL RO,Consumer Goods,UPDATE executives SET category = 'Consumer Goods' WHERE current_company = 'O.M.O. CONFIDENTIAL RO';
Square Baby,Retail / E-Commerce,UPDATE executives SET category = 'Retail / E-Commerce' WHERE current_company = 'Square Baby';
Amway do Brasil Ltda,Healthcare,UPDATE executives SET category = 'Healthcare' WHERE current_company = 'Amway do Brasil Ltda';
McDonald's Paris Est,Financial Services,UPDATE executives SET category = 'Financial Services' WHERE current_company = 'McDonald''s Paris Est';
Wawa,Education,UPDATE executives SET category = 'Education' WHERE current_company = 'Wawa';
Acero Watch,Aerospace / Defense,UPDATE executives SET category = 'Aerospace / Defense' WHERE current_company = 'Acero Watch';
ZOOM Torino,Manufacturing,UPDATE executives SET category = 'Manufacturing' WHERE current_company = 'ZOOM Torino';
Infosys BPM,Retail / E-Commerce,UPDATE executives SET category = 'Retail / E-Commerce' WHERE current_company = 'Infosys BPM';
Kia Belux,Retail / E-Commerce,UPDATE executives SET category = 'Retail / E-Commerce' WHERE current_company = 'Kia Belux';
Grab International India,Software / SaaS,UPDATE executives SET category = 'Software / SaaS' WHERE current_company = 'Grab International India';
Amazon Business,Retail / E-Commerce,UPDATE executives SET category = 'Retail / E-Commerce' WHERE current_company = 'Amazon Business';
Neuralink,Energy / Utilities,UPDATE executives SET category = 'Energy / Utilities' WHERE current_company = 'Neuralink';
Visage.Jobs,Consumer Goods,UPDATE executives SET category = 'Consumer Goods' WHERE current_company = 'Visage.Jobs';
RoyalMaan Technologies | NetSuite & Zoho Implementation Expert,Automotive,UPDATE executives SET category = 'Automotive' WHERE current_company = 'RoyalMaan Technologies | NetSuite & Zoho Implementation Expert';
Kia Country of Savannah,Retail / E-Commerce,UPDATE executives SET category = 'Retail / E-Commerce' WHERE current_company = 'Kia Country of Savannah';
Zoom Drain,Cloud Computing,UPDATE executives SET category = 'Cloud Computing' WHERE current_company = 'Zoom Drain';
Hyundai Transys Seating System,Aerospace / Defense,UPDATE executives SET category = 'Aerospace / Defense' WHERE current_company = 'Hyundai Transys Seating System';
TARGET CÃ‚MBIO,Food & Beverage,UPDATE executives SET category = 'Food & Beverage' WHERE current_company = 'TARGET CÃ‚MBIO';
AirBusinessClass,Energy / Utilities,UPDATE executives SET category = 'Energy / Utilities' WHERE current_company = 'AirBusinessClass';
Huawei Consumer Business Group,Cloud Computing,UPDATE executives SET category = 'Cloud Computing' WHERE current_company = 'Huawei Consumer Business Group';
Epic Systems,Aerospace / Defense,UPDATE executives SET category = 'Aerospace / Defense' WHERE current_company = 'Epic Systems';
Danone Aqua,Software / SaaS,UPDATE executives SET category = 'Software / SaaS' WHERE current_company = 'Danone Aqua';
Class Intercom,Cloud Computing,UPDATE executives SET category = 'Cloud Computing' WHERE current_company = 'Class Intercom';
Square Signs Armenia,Food & Beverage,UPDATE executives SET category = 'Food & Beverage' WHERE current_company = 'Square Signs Armenia';
Elastic Serve Private Limited,Consumer Goods,UPDATE executives SET category = 'Consumer Goods' WHERE current_company = 'Elastic Serve Private Limited';
Gemini Plus,Energy / Utilities,UPDATE executives SET category = 'Energy / Utilities' WHERE current_company = 'Gemini Plus';
Nexivo Consulting | Zoho Premium Partner,Consumer Goods,UPDATE executives SET category = 'Consumer Goods' WHERE current_company = 'Nexivo Consulting | Zoho Premium Partner';
marswalk,Nonprofit / Social Impact,UPDATE executives SET category = 'Nonprofit / Social Impact' WHERE current_company = 'marswalk';
Oracle Website Design,Retail / E-Commerce,UPDATE executives SET category = 'Retail / E-Commerce' WHERE current_company = 'Oracle Website Design';
Fly2Med.ca,Education,UPDATE executives SET category = 'Education' WHERE current_company = 'Fly2Med.ca';
Cabra-Vale Diggers Group,Consumer Goods,UPDATE executives SET category = 'Consumer Goods' WHERE current_company = 'Cabra-Vale Diggers Group';
C&C Sweden | Apple Premium Partner,Education,UPDATE executives SET category = 'Education' WHERE current_company = 'C&C Sweden | Apple Premium Partner';
Tencent Thailand,Telecommunications,UPDATE executives SET category = 'Telecommunications' WHERE current_company = 'Tencent Thailand';
Ro-Main,Automotive,UPDATE executives SET category = 'Automotive' WHERE current_company = 'Ro-Main';
KNGD INFOSYS PRIVATE LIMITED,Media & Entertainment,UPDATE executives SET category = 'Media & Entertainment' WHERE current_company = 'KNGD INFOSYS PRIVATE LIMITED';
PROIECT RO INVEST CAPITAL,Consumer Goods,UPDATE executives SET category = 'Consumer Goods' WHERE current_company = 'PROIECT RO INVEST CAPITAL';
"Toyota InfoTechnology Center, U.S.A., INC.",Energy / Utilities,"UPDATE executives SET category = 'Energy / Utilities' WHERE current_company = 'Toyota InfoTechnology Center, U.S.A., INC.';"
Axel Johnson International,Pharmaceuticals,UPDATE executives SET category = 'Pharmaceuticals' WHERE current_company = 'Axel Johnson International';
Valley Adobe,Cloud Computing,UPDATE executives SET category = 'Cloud Computing' WHERE current_company = 'Valley Adobe';
Marsh McLennan Agency,Telecommunications,UPDATE executives SET category = 'Telecommunications' WHERE current_company = 'Marsh McLennan Agency';
Postman App,Education,UPDATE executives SET category = 'Education' WHERE current_company = 'Postman App';
MAN Digital: HubSpot-First ABM Agency,Media & Entertainment,UPDATE executives SET category = 'Media & Entertainment' WHERE current_company = 'MAN Digital: HubSpot-First ABM Agency';
